Ra,peak_topo,RMS_topo
10000.0,0.1629241411904295,0.06509958235067274
30000.0,0.1511686913448569,0.05204118316638349
100000.0,0.13457002958017036,0.03877101382596275
300000.0,0.11809120587313232,0.02888684636757446
1000000.0,0.10016007370704332,0.02055798009078317
