"Y(X), created by Plot Digitizer, 2.6.8"
"Date: 07/06/2020, 20:26:52"


19
X,Y
2.00915,944.796,
3.00066,848.225,
4.07536,262.659,
5.08152,182.505,
6.01083,196.122,
6.84955,89.7463,
7.88522,103.576,
8.82290,62.3652,
10.8808,54.2996,
12.2348,66.2989,
13.2256,50.7762,
13.6890,43.0378,
14.7705,34.0956,
15.8749,42.2553,
17.1273,38.6178,
17.7920,31.7627,
19.0542,37.2047,
19.5442,32.1323,
20.4096,33.6199,
